Alternative,Synthetic measure,Class,Rank
A1 (AD),0.5831223102246021,1.0,1
A2 (LFGR),0.4156988455559284,3.0,3
A3 (INC),0.38703967845964976,3.0,5
A4 (GAS),0.41406911302788457,3.0,4
A5 (PYR),0.508045654288003,2.0,2
